,COURSE TITLE,COURSE CODE2,R1 POINTS,R2 POINTS,LEVEL,HEI
0,International Business,AC120,209,,8,American College
1,Liberal Arts,AC137,252,,8,American College
2,"First Year Art & Design (Common Entry,portfolio)",AD101,#+matric,,8,National College of Art and Design
3,Graphic Design and Moving Image Design (portfolio),AD102,#+matric,,8,National College of Art and Design
4,Textile & Surface Design and Jewellery & Objects (portfolio),AD103,#+matric,,8,National College of Art and Design
5,"Education & Design or Fine Art (Second Level Teaching,portfolio))",AD202,#+matric,,8,National College of Art and Design
6,Fine Art (portfolio),AD204,#+matric,,8,National College of Art and Design
7,Fashion Design (portfolio),AD211,#+matric,,8,National College of Art and Design
8,Product Design (portfolio),AD212,#+matric,,8,National College of Art and Design
9,Visual Culture,AD215,377,320,8,National College of Art and Design
10,Illustration (portfolio),AD217,#+matric,,8,National College of Art and Design
11,Interaction Design (portfolio),AD222,#+matric,,8,National College of Art and Design
45,Software Design with Virtual Reality and Gaming,AL801,303,,8,Athlone Institute of Technology
46,Software Design with Artificial Intelligence for Cloud Computing,AL802,332,,8,Athlone Institute of Technology
47,Software Design with Mobile Apps and Connected Devices,AL803,337,,8,Athlone Institute of Technology
48,Computer Engineering with Network Infrastructure,AL805,333,,8,Athlone Institute of Technology
49,Quantity Surveying,AL810,319,,8,Athlone Institute of Technology
50,Civil Engineering,AL811,320,,8,Athlone Institute of Technology
51,Mechanical and Polymer Engineering,AL820,308,,8,Athlone Institute of Technology
52,General Nursing,AL830,442,,8,Athlone Institute of Technology
53,Psychiatric Nursing,AL832,387,384,8,Athlone Institute of Technology
54,Nutrition and Health Science,AL836,334,,8,Athlone Institute of Technology
55,Sports Science with Exercise Physiology,AL837,351,,8,Athlone Institute of Technology
56,Biotechnology,AL838,307,,8,Athlone Institute of Technology
57,Microbiology,AL839,325,,8,Athlone Institute of Technology
58,Pharmaceutical Sciences,AL840,347,,8,Athlone Institute of Technology
59,Athletic and Rehabilitation Therapy,AL841,430,,8,Athlone Institute of Technology
60,Bioveterinary Science,AL842,313,,8,Athlone Institute of Technology
61,Physical Activity and Health Science,AL843,306,,8,Athlone Institute of Technology
62,Business,AL850,309,,8,Athlone Institute of Technology
63,Business and Law,AL851,295,,8,Athlone Institute of Technology
64,Accounting,AL852,309,,8,Athlone Institute of Technology
65,Sport Management (with international placement),AL854,302,299,8,Athlone Institute of Technology
66,Hospitality Management (with international placement),AL855,308,,8,Athlone Institute of Technology
67,Digital Marketing,AL857,304,,8,Athlone Institute of Technology
68,Social Care Practice,AL860,300,,8,Athlone Institute of Technology
69,Animation and Illustration (portfolio),AL861,578,,8,Athlone Institute of Technology
70,Graphic and Digital Design (portfolio),AL863,781,,8,Athlone Institute of Technology
71,Early Years Care and Education,AL864,307,,8,Athlone Institute of Technology
72,Applied Psychology,AL870,418,,8,Athlone Institute of Technology
73,"Education, Home Economics and Biology - with concurrent Teacher Ed",AS001,510,,8,St. Angela`s College
74,"Education, Home Economics and Religious Ed - with concurrent Teacher Ed",AS002,441,434,8,St. Angela`s College
75,"Education, Home Economics and Irish - with concurrent Teacher Ed",AS003,440,440,8,St. Angela`s College
76,"Nutrition, Food and Business Management",AS051,328,317,8,St. Angela`s College
77,Home Economics,AS054,408,398,8,St. Angela`s College
78,General Nursing,AS110,419,,8,St. Angela`s College
79,Intellectual Disability Nursing,AS130,336,328,8,St. Angela`s College
83,Counselling and Psychotherapy,CI110,310,,8,Irish College of Humanities & Applied Sciences
84,Counselling and Addiction Studies,CI111,301,,8,Irish College of Humanities & Applied Sciences
85,Counselling and Youth Studies,CI112,311,,8,Irish College of Humanities & Applied Sciences
86,Arts - 3 years,CK101,300,,8,University College Cork (NUI)
87,Social Science,CK102,412,,8,University College Cork (NUI)
88,Arts with Music - 3 or 4 years (BMus or Chinese/European/Int`l Pathway),CK104,302,,8,University College Cork (NUI)
89,Film and Screen Media - 3 years or 4 years (International Pathway),CK105,368,337,8,University College Cork (NUI)
90,Geographical and Archaeological Sciences - 3 or 4 years (Int`l Pathway),CK107,328,,8,University College Cork (NUI)
91,Arts International - 4 years,CK108,401,,8,University College Cork (NUI)
92,English - 3 years or 4 years (International Pathway),CK109,318,,8,University College Cork (NUI)
93,World Languages,CK110,452,433,8,University College Cork (NUI)
94,Early Years and Childhood Studies,CK111,419,,8,University College Cork (NUI)
95,Theatre and Performative Practices - 3 or 4 years (Int`l Pathway),CK112,330,,8,University College Cork (NUI)
96,Criminology - 3 years or 4 years (International Pathway),CK113,423,,8,University College Cork (NUI)
97,Social Science (Youth and Community Work) - 3 years,CK114,,,8,University College Cork (NUI)
98,Social Work - Mature Applicants only,CK115,,,8,University College Cork (NUI)
99,Digital Humanities and IT - 3 or 4 years (Work Exper. or Int`l Pathway),CK118,336,,8,University College Cork (NUI)
100,Applied Psychology,CK120,533,532,8,University College Cork (NUI)
101,Psychology and Computing - 3 or 4 years (Work Experience Pathway),CK121,466,,8,University College Cork (NUI)
102,Government and Political Science,CK122,337,328,8,University College Cork (NUI)
103,Anthropology,CK123,308,,8,University College Cork (NUI)
104,Education - Gaeilge,CK124,463,462,8,University College Cork (NUI)
105,Sports Studies and Physical Education,CK125,510,509,8,University College Cork (NUI)
106,Commerce,CK201,477,,8,University College Cork (NUI)
107,Accounting,CK202,509,,8,University College Cork (NUI)
108,Business Information Systems,CK203,430,,8,University College Cork (NUI)
109,Finance,CK204,556,,8,University College Cork (NUI)
110,Commerce (International) with French,CK205,445,,8,University College Cork (NUI)
111,Commerce (International) with German,CK206,420,418,8,University College Cork (NUI)
112,Commerce (International) with Italian,CK207,388,,8,University College Cork (NUI)
113,Commerce (International) with Hispanic Studies,CK208,402,,8,University College Cork (NUI)
114,Commerce (International) with Irish,CK209,484,,8,University College Cork (NUI)
115,Commerce (International) with Chinese Studies,CK211,397,,8,University College Cork (NUI)
116,Economics (through Transformational Learning) 3 or 4 years Int`l Pathway,CK212,444,,8,University College Cork (NUI)
117,Food Marketing and Entrepreneurship,CK213,462,,8,University College Cork (NUI)
118,International Development,CK214,346,,8,University College Cork (NUI)
119,Law (Pathways) -  3 or 4 years,CK301,507,499,8,University College Cork (NUI)
120,Law and French,CK302,542,,8,University College Cork (NUI)
121,Law and Irish,CK304,540,,8,University College Cork (NUI)
122,Law and Business,CK307,556,,8,University College Cork (NUI)
123,Computer Science,CK401,468,,8,University College Cork (NUI)
124,Biological and Chemical Sciences,CK402,510,509,8,University College Cork (NUI)
125,"Biological, Earth and Environmental Sciences",CK404,467,,8,University College Cork (NUI)
126,Genetics,CK405,487,,8,University College Cork (NUI)
127,Chemical Sciences,CK406,485,472,8,University College Cork (NUI)
128,Mathematical Sciences,CK407,566,565,8,University College Cork (NUI)
129,Physics and Astrophysics,CK408,554,542,8,University College Cork (NUI)
130,Industrial Physics - Offered jointly by UCC and CIT,CK409,432,,8,University College Cork (NUI)
131,Data Science and Analytics,CK411,510,,8,University College Cork (NUI)
132,Agricultural Science,CK412,496,496,8,University College Cork (NUI)
133,Nutritional Sciences,CK504,518,,8,University College Cork (NUI)
134,Food Science,CK505,441,440,8,University College Cork (NUI)
135,Engineering,CK600,487,,8,University College Cork (NUI)
136,Architecture - Offered jointly by UCC and CIT,CK606,484,476,8,University College Cork (NUI)
137,Medicine (Undergraduate Entry - HPAT required),CK701,731,,8,University College Cork (NUI)
138,Dentistry,CK702,613,613,8,University College Cork (NUI)
139,Pharmacy,CK703,590,589,8,University College Cork (NUI)
140,Occupational Therapy,CK704,566,555,8,University College Cork (NUI)
141,Speech and Language Therapy,CK705,520,,8,University College Cork (NUI)
142,Public Health Sciences,CK706,454,,8,University College Cork (NUI)
143,Medical and Health Sciences,CK707,542,541,8,University College Cork (NUI)
144,General Nursing,CK710,454,,8,University College Cork (NUI)
145,Children`s and General Nursing (Integrated),CK712,533,,8,University College Cork (NUI)
146,Mental Health Nursing,CK720,423,,8,University College Cork (NUI)
147,Intellectual Disability Nursing,CK730,419,411,8,University College Cork (NUI)
148,Midwifery,CK740,484,,8,University College Cork (NUI)
149,Medicine  - Graduate Entry (GAMSAT required),CK791,57,,8,University College Cork (NUI)
150,Education - Primary Teaching,CM001,484,,8,Marino Institute of Education
151,Education - Primary Teaching - Gaeltacht Applicants,CM002,,,8,Marino Institute of Education
152,Oideachas - Bunmhúinteoireacht Trí Mheán na Gaeilge – Gaeltacht,CM003,528,,8,Marino Institute of Education
153,Oideachas - Bunmhúinteoireacht Trí Mheán na Gaeilge – Gaeltacht,CM004,494,,8,Marino Institute of Education
154,Education Studies,CM010,319,,8,Marino Institute of Education
155,Early Childhood Education,CM020,327,,8,Marino Institute of Education
180,Chemical and Biopharmaceutical Engineering,CR105,443,,8,Cork Institute of Technology
181,Software Development,CR106,411,,8,Cork Institute of Technology
182,Mechanical Engineering,CR108,434,,8,Cork Institute of Technology
183,Structural Engineering,CR109,394,,8,Cork Institute of Technology
184,Automotive Business Management and Technology,CR110,311,,8,Cork Institute of Technology
185,Creative Digital Media,CR112,361,,8,Cork Institute of Technology
186,Computer Systems,CR116,332,,8,Cork Institute of Technology
187,Music at CIT Cork School of Music,CR121,868,,8,Cork Institute of Technology
188,Popular Music: Electric Bass Guitar at CIT Cork School of Music,CR125,1088,,8,Cork Institute of Technology
189,Popular Music: Drums at CIT Cork School of Music,CR126,801,,8,Cork Institute of Technology
190,Popular Music: Electric Guitar at CIT Cork School of Music,CR127,838,768,8,Cork Institute of Technology
191,Popular Music: Keyboards at CIT Cork School of Music,CR128,840,,8,Cork Institute of Technology
192,Popular Music: Voice at CIT Cork School of Music,CR129,841,,8,Cork Institute of Technology
193,Musical Theatre at CIT Cork School of Music,CR130,548,518,8,Cork Institute of Technology
194,Business Information Systems,CR150,335,,8,Cork Institute of Technology
195,"Contemporary Applied Art (Ceramics, Glass, Textiles) at CIT Crawford",CR210,#+matric,,8,Cork Institute of Technology
196,Fine Art at CIT Crawford College of Art and Design,CR220,#+matric,,8,Cork Institute of Technology
197,Photography with New Media,CR225,#+matric,,8,Cork Institute of Technology
199,Physical Sciences (Common Entry),CR305,282,,8,Cork Institute of Technology
200,IT Management,CR310,297,,8,Cork Institute of Technology
201,Biomedical Science - Offered jointly by CIT and UCC,CR320,565,,8,Cork Institute of Technology
202,Pharmaceutical Biotechnology,CR325,398,,8,Cork Institute of Technology
203,Nutrition and Health Science,CR333,402,,8,Cork Institute of Technology
204,Biological Sciences (Common Entry),CR335,420,,8,Cork Institute of Technology
205,Analytical Chemistry with Quality Assurance,CR340,251,,8,Cork Institute of Technology
206,Instrument Engineering,CR360,261,,8,Cork Institute of Technology
207,Environmental Science and Sustainable Technology,CR365,253,,8,Cork Institute of Technology
208,Agri-Biosciences,CR370,397,,8,Cork Institute of Technology
209,Accounting,CR400,316,,8,Cork Institute of Technology
210,Marketing,CR420,285,,8,Cork Institute of Technology
211,International Business with Language,CR425,298,,8,Cork Institute of Technology
212,Sport and Exercise Management,CR430,322,,8,Cork Institute of Technology
213,Montessori Education,CR440,288,,8,Cork Institute of Technology
214,Engineering (Common Entry),CR500,411,,8,Cork Institute of Technology
215,Sustainable Energy Engineering,CR510,320,,8,Cork Institute of Technology
216,Biomedical Engineering,CR520,444,,8,Cork Institute of Technology
217,Architectural Technology,CR560,308,,8,Cork Institute of Technology
218,Interior Architecture,CR565,359,,8,Cork Institute of Technology
219,Quantity Surveying,CR570,336,,8,Cork Institute of Technology
220,Construction Management,CR572,269,,8,Cork Institute of Technology
221,Electrical Engineering,CR580,318,,8,Cork Institute of Technology
222,Electronic Engineering,CR590,303,,8,Cork Institute of Technology
223,Visual Communications,CR600,#+matric,,8,Cork Institute of Technology
229,Tourism Management,CR660,252,,8,Cork Institute of Technology
230,Theatre and Drama Studies at CIT Cork School of Music,CR700,740,645,8,Cork Institute of Technology
235,Information Technology,CT125,220,,8,CCT College Dublin
236,Business,CT325,338,,8,CCT College Dublin
238,Business (options),CW018,298,248,8,"Institute of Technology, Carlow"
240,Early Childhood Education and Care,CW028,252,,8,"Institute of Technology, Carlow"
242,Art (portfolio),CW038,700,,8,"Institute of Technology, Carlow"
245,Tourism and Event Management,CW058,298,,8,"Institute of Technology, Carlow"
246,Applied Social Studies in Professional Social Care,CW068,245,,8,"Institute of Technology, Carlow"
248,Sustainable Farm Management and Agribusiness,CW078,269,,8,"Institute of Technology, Carlow"
249,Visual Communications and Design,CW088,274,,8,"Institute of Technology, Carlow"
252,Science (options),CW108,261,,8,"Institute of Technology, Carlow"
256,Brewing and Distilling,CW128,263,,8,"Institute of Technology, Carlow"
257,Sport and Exercise Science,CW138,423,,8,"Institute of Technology, Carlow"
258,Strength and Conditioning,CW148,379,,8,"Institute of Technology, Carlow"
259,Sport Rehabilitation and Athletic Therapy,CW188,451,448,8,"Institute of Technology, Carlow"
262,Computer Games Development,CW208,279,,8,"Institute of Technology, Carlow"
266,Software Development,CW238,297,,8,"Institute of Technology, Carlow"
267,Information Technology Management,CW248,285,,8,"Institute of Technology, Carlow"
268,Cybercrime and IT Security,CW258,293,,8,"Institute of Technology, Carlow"
269,Computing in Interactive Digital Art and Design,CW268,287,,8,"Institute of Technology, Carlow"
273,Construction (options),CW438,272,,8,"Institute of Technology, Carlow"
274,Architectural Technology,CW468,262,,8,"Institute of Technology, Carlow"
275,Civil Engineering,CW478,433,,8,"Institute of Technology, Carlow"
280,Mechanical Engineering,CW548,321,,8,"Institute of Technology, Carlow"
281,Electronic Systems,CW558,280,,8,"Institute of Technology, Carlow"
282,Aerospace Engineering,CW568,380,,8,"Institute of Technology, Carlow"
283,TV and Media Production,CW578,325,,8,"Institute of Technology, Carlow"
286,Law - LLB,CW708,302,,8,"Institute of Technology, Carlow"
288,Product Design Innovation,CW728,252,,8,"Institute of Technology, Carlow"
289,Early Childhood Education and Care,CW748,270,,8,"Institute of Technology, Carlow"
290,Professional Social Care Practice,CW758,336,,8,"Institute of Technology, Carlow"
292,Media and Public Relations,CW808,251,,8,"Institute of Technology, Carlow"
296,Digital Marketing with Analytics,CW848,254,,8,"Institute of Technology, Carlow"
297,"Sports Management and Coaching (options, portfolio)",CW858,700,,8,"Institute of Technology, Carlow"
299,Business (options),CW908,280,,8,"Institute of Technology, Carlow"
303,Business with Law,CW938,283,,8,"Institute of Technology, Carlow"
304,Accounting,CW948,300,,8,"Institute of Technology, Carlow"
305,Computing,DB500,218,218,8,Dublin Business School
306,Computing (Cloud Computing),DB501,227,227,8,Dublin Business School
307,Computing (Data Analytics and Big Data),DB502,341,341,8,Dublin Business School
308,Computing (Software Development),DB503,225,225,8,Dublin Business School
309,Computing (Web and Mobile Technology),DB504,,281,8,Dublin Business School
310,Audio Production and Music Project Management,DB510,234,223,8,Dublin Business School
311,Business Studies,DB512,218,203,8,Dublin Business School
312,Business Studies (Law),DB514,252,,8,Dublin Business School
313,Business Studies (Human Resource Management),DB515,244,244,8,Dublin Business School
314,Financial Services,DB516,,,8,Dublin Business School
315,Marketing (Event Management),DB517,238,,8,Dublin Business School
316,Accounting and Finance,DB521,225,195,8,Dublin Business School
317,Business (Information Systems),DB524,342,309,8,Dublin Business School
318,Business (Cloud Computing),DB526,347,,8,Dublin Business School
319,Applied Social Care,DB527,234,260,8,Dublin Business School
321,Marketing,DB531,293,,8,Dublin Business School
323,Psychology,DB562,243,229,8,Dublin Business School
325,Social Science,DB566,220,227,8,Dublin Business School
326,Film and Creative Media,DB567,218,202,8,Dublin Business School
327,Law,DB568,219,252,8,Dublin Business School
328,Business (Psychology),DB569,252,,8,Dublin Business School
334,Education - Early Childhood Education,DC001,440,,8,Dublin City University
335,Education - Primary Teaching,DC002,488,,8,Dublin City University
336,Education - Primary Teaching - Gaeltacht Applicants,DC003,445,,8,Dublin City University
337,Education - Primary Teaching (Church of Ireland Centre formerly CICE),DC004,411,409,8,Dublin City University
338,Arts (Joint Honours) - Humanities,DC009,376,,8,Dublin City University
339,Post Primary Teacher Education - Religious Education and English,DC010,441,429,8,Dublin City University
340,Post Primary Teacher Education - Religious Education and History,DC011,412,391,8,Dublin City University
341,Post Primary Teacher Education - Religious Education and Music,DC012,378,,8,Dublin City University
342,Post Primary Teacher Ed - Gaeilge with French/German/Spanish,DC013,419,,8,Dublin City University
343,BA in Jazz and Contemporary Music Performance (audition),DC014,419,,8,Dublin City University
344,Business Studies International,DC110,465,,8,Dublin City University
345,Business Studies,DC111,488,,8,Dublin City University
346,Global Business (France),DC112,517,510,8,Dublin City University
347,Global Business (Germany),DC113,462,,8,Dublin City University
348,Global Business (Spain),DC114,522,,8,Dublin City University
349,Accounting and Finance,DC115,510,,8,Dublin City University
350,Global Business (USA),DC116,579,,8,Dublin City University
351,Aviation Management / Aviation Management with Pilot Studies,DC117,476,475,8,Dublin City University
352,Gnó agus Gaeilge / Business and Irish,DC118,359,,8,Dublin City University
353,Global Business (Canada),DC119,564,,8,Dublin City University
354,Enterprise Computing,DC120,357,,8,Dublin City University
355,Computer Applications,DC121,400,,8,Dublin City University
356,Data Science,DC123,465,,8,Dublin City University
357,Actuarial Mathematics,DC126,560,,8,Dublin City University
358,Common Entry into Actuarial and Financial Mathematics,DC127,532,520,8,Dublin City University
359,Communication Studies,DC131,407,402,8,Dublin City University
360,Journalism,DC132,429,422,8,Dublin City University
361,Multimedia,DC133,411,410,8,Dublin City University
362,Applied Language and Translation Studies,DC155,387,,8,Dublin City University
363,Analytical Science,DC161,498,489,8,Dublin City University
364,Chemical and Pharmaceutical Sciences,DC162,521,,8,Dublin City University
365,Environmental Science and Technology,DC166,433,399,8,Dublin City University
366,Genetics and Cell Biology,DC168,512,510,8,Dublin City University
367,Physics General Entry (options),DC175,419,402,8,Dublin City University
368,Biotechnology,DC181,499,495,8,Dublin City University
369,Electronic and Computer Engineering (with choice of four majors),DC190,413,,8,Dublin City University
370,Mechatronic Engineering,DC193,411,,8,Dublin City University
371,Mechanical and Manufacturing Engineering,DC195,425,,8,Dublin City University
372,Biomedical Engineering,DC197,423,,8,Dublin City University
373,Common Entry into Engineering (Undenominated Entry),DC200,422,,8,Dublin City University
374,Common Entry into Science (Undenominated Entry),DC201,498,488,8,Dublin City University
375,Sport Science and Health,DC202,500,498,8,Dublin City University
376,Science Education,DC203,435,,8,Dublin City University
377,Athletic Therapy and Training,DC204,522,519,8,Dublin City University
378,Physical Education with Biology,DC205,531,,8,Dublin City University
379,Physical Education with Mathematics,DC206,499,,8,Dublin City University
380,Psychology,DC208,532,521,8,Dublin City University
381,Health and Society,DC209,465,440,8,Dublin City University
382,General Nursing,DC215,454,433,8,Dublin City University
383,Mental Health Nursing,DC216,418,403,8,Dublin City University
384,Intellectual Disability Nursing,DC217,370,,8,Dublin City University
385,Children`s and General Nursing (Integrated),DC218,500,498,8,Dublin City University
386,"Economics, Politics and Law",DC230,435,,8,Dublin City University
387,International Relations,DC231,397,,8,Dublin City University
388,Law and Society (BCL),DC232,466,,8,Dublin City University
389,Education and Training - Daytime and Flexible Delivery Mode (full-time),DC235,309,,8,Dublin City University
390,Social Sciences and Cultural Innovation,DC238,377,,8,Dublin City University
391,"Gaeilge, Iriseoireacht agus na Meáin Dhigiteacha",DC239,430,,8,Dublin City University
392,"Marketing, Innovation and Technology",DC240,476,474,8,Dublin City University
393,Arts (Joint Honours) - Media Studies,DC291,376,,8,Dublin City University
394,Arts (Joint Honours) - Law,DC292,403,,8,Dublin City University
395,Arts (Joint Honours) - International Languages,DC293,377,,8,Dublin City University
396,Arts (Joint Honours) - Politics,DC295,376,,8,Dublin City University
420,Accounting and Finance,DK810,305,305,8,Dundalk Institute of Technology
421,Business Studies,DK816,300,300,8,Dundalk Institute of Technology
422,Computing in Games Development,DK820,311,311,8,Dundalk Institute of Technology
423,Computing in Software Development,DK821,302,302,8,Dundalk Institute of Technology
424,Augmented and Virtual Reality,DK822,307,,8,Dundalk Institute of Technology
425,Building Surveying,DK830,336,,8,Dundalk Institute of Technology
426,Architectural Technology,DK831,389,,8,Dundalk Institute of Technology
427,Construction Management,DK832,387,,8,Dundalk Institute of Technology
428,Engineering (Common Entry),DK843,340,340,8,Dundalk Institute of Technology
429,Mechanical Engineering,DK844,305,305,8,Dundalk Institute of Technology
430,Electrical & Electronic Engineering,DK845,304,304,8,Dundalk Institute of Technology
431,Civil Engineering,DK846,391,361,8,Dundalk Institute of Technology
432,International Tourism Management,DK850,317,317,8,Dundalk Institute of Technology
433,Music (audition),DK860,532,532,8,Dundalk Institute of Technology
434,Arts,DK861,302,302,8,Dundalk Institute of Technology
435,Social Care,DK862,301,,8,Dundalk Institute of Technology
436,Creative Media,DK863,308,308,8,Dundalk Institute of Technology
437,Film and Television Production,DK864,300,300,8,Dundalk Institute of Technology
438,Audio and Music Production,DK865,301,,8,Dundalk Institute of Technology
439,General Nursing,DK870,403,401,8,Dundalk Institute of Technology
440,Intellectual Disability Nursing,DK872,336,,8,Dundalk Institute of Technology
441,Mental Health Nursing,DK874,356,,8,Dundalk Institute of Technology
442,Early Childhood Studies,DK876,321,,8,Dundalk Institute of Technology
443,Midwifery,DK877,440,,8,Dundalk Institute of Technology
444,Health and Physical Activity,DK880,328,,8,Dundalk Institute of Technology
445,Agriculture (Award options),DK882,310,,8,Dundalk Institute of Technology
446,Science (Award options),DK883,358,321,8,Dundalk Institute of Technology
447,Sustainable Agriculture,DK884,,,8,Dundalk Institute of Technology
448,Agri-Food Production,DK885,,,8,Dundalk Institute of Technology
449,Biopharmaceutical Science,DK886,301,,8,Dundalk Institute of Technology
450,Environmental Science,DK887,330,,8,Dundalk Institute of Technology
452,"English, Media and Cultural Studies",DL821,212,212,8,"Dun Laoghaire Institute of Art, Design and Technology"
453,Arts Management,DL822,229,229,8,"Dun Laoghaire Institute of Art, Design and Technology"
454,Business Management,DL823,235,,8,"Dun Laoghaire Institute of Art, Design and Technology"
455,Applied Psychology,DL825,379,,8,"Dun Laoghaire Institute of Art, Design and Technology"
456,Visual Communication Design,DL826,855,,8,"Dun Laoghaire Institute of Art, Design and Technology"
457,Art,DL827,572,,8,"Dun Laoghaire Institute of Art, Design and Technology"
458,"3D Design, Modelmaking and Digital Art",DL828,506,,8,"Dun Laoghaire Institute of Art, Design and Technology"
459,Design for Stage and Screen (Costume Design),DL829,593,,8,"Dun Laoghaire Institute of Art, Design and Technology"
460,Design for Stage and Screen (Character Makeup Design),DL830,939,,8,"Dun Laoghaire Institute of Art, Design and Technology"
461,Design for Stage and Screen (Production Design),DL831,781,,8,"Dun Laoghaire Institute of Art, Design and Technology"
462,Animation,DL832,920,,8,"Dun Laoghaire Institute of Art, Design and Technology"
463,Photography,DL833,650,,8,"Dun Laoghaire Institute of Art, Design and Technology"
464,Film and Television Production,DL834,990,,8,"Dun Laoghaire Institute of Art, Design and Technology"
465,Creative Computing,DL836,219,,8,"Dun Laoghaire Institute of Art, Design and Technology"
466,New Media Studies,DL837,201,,8,"Dun Laoghaire Institute of Art, Design and Technology"
467,Creative Music Production,DL838,754,,8,"Dun Laoghaire Institute of Art, Design and Technology"
468,Interaction and User Experience Design,DL839,683,683,8,"Dun Laoghaire Institute of Art, Design and Technology"
469,Digital Marketing,DL840,228,228,8,"Dun Laoghaire Institute of Art, Design and Technology"
470,English and Equality Studies,DL841,276,,8,"Dun Laoghaire Institute of Art, Design and Technology"
471,Architecture,DN100,510,,8,University College Dublin (NUI)
472,Landscape Architecture,DN120,407,,8,University College Dublin (NUI)
473,City Planning and Environmental Policy,DN130,407,400,8,University College Dublin (NUI)
474,Engineering (Common Entry),DN150,531,521,8,University College Dublin (NUI)
475,Science (options),DN200,533,,8,University College Dublin (NUI)
476,Computer Science (Common Entry),DN201,510,,8,University College Dublin (NUI)
477,Actuarial and Financial Studies,DN230,601,,8,University College Dublin (NUI)
478,Sustainability,DN240,440,,8,University College Dublin (NUI)
479,Agricultural Science (options),DN250,456,455,8,University College Dublin (NUI)
480,Dairy Business,DN252,410,,8,University College Dublin (NUI)
481,Agri - Environmental Sciences,DN253,418,,8,University College Dublin (NUI)
482,Food Science,DN261,477,,8,University College Dublin (NUI)
483,Human Nutrition,DN262,531,,8,University College Dublin (NUI)
484,Forestry,DN271,311,,8,University College Dublin (NUI)
485,"Horticulture, Landscape and Sportsturf Management",DN272,297,282,8,University College Dublin (NUI)
486,Veterinary Medicine - Undergraduate Entry,DN300,589,,8,University College Dublin (NUI)
487,Veterinary Medicine - Graduate Entry (GAMSAT required),DN301,,,8,University College Dublin (NUI)
488,Veterinary Nursing,DN310,478,477,8,University College Dublin (NUI)
489,Medicine - Undergraduate Entry (HPAT required),DN400,737,736,8,University College Dublin (NUI)
490,Medicine - Graduate Entry (GAMSAT required),DN401,,,8,University College Dublin (NUI)
491,Radiography,DN410,534,532,8,University College Dublin (NUI)
492,Radiography - Graduate Entry,DN411,,,8,University College Dublin (NUI)
493,Physiotherapy,DN420,578,577,8,University College Dublin (NUI)
494,Health and Performance Science,DN425,510,509,8,University College Dublin (NUI)
495,Sport and Exercise Management,DN430,455,445,8,University College Dublin (NUI)
496,"Biomedical, Health and Life Sciences",DN440,590,589,8,University College Dublin (NUI)
497,General Nursing,DN450,429,424,8,University College Dublin (NUI)
498,Children`s and General Nursing (Integrated),DN451,509,506,8,University College Dublin (NUI)
499,Midwifery,DN452,489,476,8,University College Dublin (NUI)
500,Mental Health Nursing,DN453,397,393,8,University College Dublin (NUI)
501,Joint Honours (options),DN520,310,,8,University College Dublin (NUI)
502,Humanities (options),DN530,340,336,8,University College Dublin (NUI)
503,Modern Languages (options),DN541,303,,8,University College Dublin (NUI)
504,Law (options),DN600,546,544,8,University College Dublin (NUI)
505,Business and Law,DN610,545,,8,University College Dublin (NUI)
506,Commerce,DN650,521,521,8,University College Dublin (NUI)
507,Commerce International (options),DN660,517,511,8,University College Dublin (NUI)
508,Economics and Finance,DN670,613,,8,University College Dublin (NUI)
509,Social Sciences (options),DN700,421,419,8,University College Dublin (NUI)
510,Economics,DN710,498,498,8,University College Dublin (NUI)
511,Psychology,DN720,530,522,8,University College Dublin (NUI)
512,Social Policy and Sociology,DN750,378,,8,University College Dublin (NUI)
524,Accounting,GA181,309,,8,Galway-Mayo Institute of Technology
525,Business,GA182,287,,8,Galway-Mayo Institute of Technology
526,Business Information Systems,GA183,296,,8,Galway-Mayo Institute of Technology
527,Marketing and Sales,GA184,307,,8,Galway-Mayo Institute of Technology
528,Finance and Economics,GA185,293,,8,Galway-Mayo Institute of Technology
529,Business with Entrepreneurship,GA186,280,,8,Galway-Mayo Institute of Technology
530,Rural Enterprise and Agri-Business,GA187,281,,8,Galway-Mayo Institute of Technology
534,Film and Documentary,GA281,304,,8,Galway-Mayo Institute of Technology
535,Heritage Studies,GA282,220,,8,Galway-Mayo Institute of Technology
536,Contemporary Art,GA283,679,,8,Galway-Mayo Institute of Technology
537,Design,GA284,303,,8,Galway-Mayo Institute of Technology
538,"Education (Art, Design and Graphics)",GA285,,,8,Galway-Mayo Institute of Technology
547,International Hotel Management,GA380,242,,8,Galway-Mayo Institute of Technology
548,International Tourism Management,GA381,278,,8,Galway-Mayo Institute of Technology
549,Culinary and Gastronomic Science,GA382,206,,8,Galway-Mayo Institute of Technology
550,Event Management with Public Relations,GA384,212,,8,Galway-Mayo Institute of Technology
555,Construction Management,GA480,260,,8,Galway-Mayo Institute of Technology
556,Quantity Surveying and Construction Economics,GA482,288,,8,Galway-Mayo Institute of Technology
557,Architectural Technology,GA483,265,,8,Galway-Mayo Institute of Technology
558,Civil Engineering,GA484,290,,8,Galway-Mayo Institute of Technology
560,Software and Electronic Engineering,GA580,300,,8,Galway-Mayo Institute of Technology
567,Mechanical Engineering,GA680,330,,8,Galway-Mayo Institute of Technology
568,Energy Engineering,GA681,293,,8,Galway-Mayo Institute of Technology
569,Biomedical Engineering,GA682,313,,8,Galway-Mayo Institute of Technology
570,Agricultural Engineering,GA683,309,,8,Galway-Mayo Institute of Technology
571,Engineering (Common entry to Agri/Biomed/Energy/Mech Eng),GA684,340,,8,Galway-Mayo Institute of Technology
572,Manufacturing Engineering Design,GA685,309,,8,Galway-Mayo Institute of Technology
581,Applied Freshwater and Marine Biology,GA780,327,,8,Galway-Mayo Institute of Technology
582,Applied Biology and Biopharmaceutical Science,GA781,337,,8,Galway-Mayo Institute of Technology
583,Chemical and Pharmaceutical Science,GA782,336,,8,Galway-Mayo Institute of Technology
584,Physics and Instrumentation,GA783,363,,8,Galway-Mayo Institute of Technology
585,Science (Undenominated),GA784,372,,8,Galway-Mayo Institute of Technology
586,Medical Science,GA785,473,,8,Galway-Mayo Institute of Technology
587,Forensic Science and Analysis,GA786,317,,8,Galway-Mayo Institute of Technology
588,Computing in Software Development,GA787,270,,8,Galway-Mayo Institute of Technology
589,Computing and Digital Media,GA788,274,,8,Galway-Mayo Institute of Technology
590,Agriculture and Environmental Management,GA789,287,,8,Galway-Mayo Institute of Technology
591,Sport and Exercise Science,GA790,356,,8,Galway-Mayo Institute of Technology
592,Public Health Nutrition,GA791,368,,8,Galway-Mayo Institute of Technology
599,General Nursing,GA880,429,422,8,Galway-Mayo Institute of Technology
600,Psychiatric Nursing,GA882,367,,8,Galway-Mayo Institute of Technology
601,Outdoor Education,GA885,252,,8,Galway-Mayo Institute of Technology
602,History and Geography,GA887,244,,8,Galway-Mayo Institute of Technology
603,Applied Social Care,GA889,266,,8,Galway-Mayo Institute of Technology
604,Early Childhood Education and Care,GA890,270,,8,Galway-Mayo Institute of Technology
605,Geography and Outdoor Education,GA891,244,,8,Galway-Mayo Institute of Technology
607,Education (Design Graphics and Construction),GA980,377,,8,Galway-Mayo Institute of Technology
608,"Furniture Design, Making and Technology - Common Entry",GA984,284,,8,Galway-Mayo Institute of Technology
610,Business Studies,GC200,252,252,8,Griffith College
611,Accounting and Finance,GC201,303,303,8,Griffith College
612,Computing Science,GC230,335,325,8,Griffith College
613,Communications and Media Production,GC250,,,8,Griffith College
614,Business Studies,GC300,429,,8,Griffith College
615,Accounting & Finance,GC301,253,253,8,Griffith College
616,Business Studies - HRM,GC302,,,8,Griffith College
617,International Hospitality Management,GC305,253,253,8,Griffith College
620,Business Studies,GC400,248,248,8,Griffith College
621,Accounting and Finance,GC401,240,227,8,Griffith College
622,Business Studies (HRM),GC402,264,236,8,Griffith College
623,Law,GC403,244,228,8,Griffith College
624,Business Studies (Marketing),GC407,280,280,8,Griffith College
627,Computing Science,GC430,252,220,8,Griffith College
629,Communications and Media Production,GC450,254,254,8,Griffith College
631,Design Communication (portfolio),GC462,,,8,Griffith College
636,Interior Architecture (portfolio),GC489,254,,8,Griffith College
638,Fashion Design (portfolio),GC494,337,217,8,Griffith College
640,Arts (Joint-Honours),GY101,300,,8,"National University of Ireland, Galway"
641,Arts (Psychology),GY104,523,520,8,"National University of Ireland, Galway"
642,Arts (History),GY105,301,,8,"National University of Ireland, Galway"
643,Na Dána (Gaeilge agus Léann an Aistriúcháin),GY107,409,,8,"National University of Ireland, Galway"
644,Arts (Mathematics and Education),GY109,403,,8,"National University of Ireland, Galway"
645,Arts with Children`s Studies,GY110,357,,8,"National University of Ireland, Galway"
646,Arts with Creative Writing,GY111,330,,8,"National University of Ireland, Galway"
647,Arts with Film Studies,GY112,321,,8,"National University of Ireland, Galway"
648,Arts with Human Rights,GY113,368,,8,"National University of Ireland, Galway"
649,Arts with Performing Arts Studies,GY115,387,,8,"National University of Ireland, Galway"
650,"Arts (Drama, Theatre and Performance Studies)",GY118,451,,8,"National University of Ireland, Galway"
651,Arts (Journalism),GY119,400,,8,"National University of Ireland, Galway"
652,"Arts (Child, Youth and Family: Policy and Practice)",GY120,350,,8,"National University of Ireland, Galway"
653,Arts (Children`s Studies),GY121,356,,8,"National University of Ireland, Galway"
654,Na Dána (Cumarsáid agus Gaeilge),GY122,361,,8,"National University of Ireland, Galway"
655,Applied Social Sciences,GY123,358,,8,"National University of Ireland, Galway"
656,Arts (Arts with Data Science),GY124,454,,8,"National University of Ireland, Galway"
657,Arts (Digital Arts and Technology),GY125,328,,8,"National University of Ireland, Galway"
658,Arts (English and Media Studies),GY126,391,,8,"National University of Ireland, Galway"
659,Arts (Film and Digital Media),GY127,401,,8,"National University of Ireland, Galway"
660,Arts (Global Languages),GY128,352,,8,"National University of Ireland, Galway"
661,Arts (International),GY129,420,,8,"National University of Ireland, Galway"
662,Arts (Music),GY130,408,,8,"National University of Ireland, Galway"
663,Arts (History and Globalisation Studies),GY131,360,,8,"National University of Ireland, Galway"
664,"Government (Politics, Economics and Law)",GY132,407,,8,"National University of Ireland, Galway"
665,Education (Computer Science and Mathematical Studies),GY133,422,,8,"National University of Ireland, Galway"
666,Geography and Geosystems,GY134,410,,8,"National University of Ireland, Galway"
667,Commerce,GY201,433,,8,"National University of Ireland, Galway"
668,Commerce (International) with French,GY202,484,,8,"National University of Ireland, Galway"
669,Commerce (International) with German,GY203,489,,8,"National University of Ireland, Galway"
670,Commerce (International) with Spanish,GY204,495,,8,"National University of Ireland, Galway"
671,Business Information Systems (Work Placement & Optional Int`l Study),GY206,465,,8,"National University of Ireland, Galway"
672,Commerce (Accounting) including optional Global Experience year,GY207,509,,8,"National University of Ireland, Galway"
673,Commerce (Gaeilge),GY208,473,,8,"National University of Ireland, Galway"
674,Commerce (Global Experience),GY209,530,,8,"National University of Ireland, Galway"
675,Law and Business,GY250,487,,8,"National University of Ireland, Galway"
676,Law (BCL),GY251,499,,8,"National University of Ireland, Galway"
677,Law (BCL) and Human Rights,GY252,520,,8,"National University of Ireland, Galway"
678,Law and Taxation,GY253,509,,8,"National University of Ireland, Galway"
679,"Law (BCL), Criminology and Criminal Justice",GY254,530,,8,"National University of Ireland, Galway"
680,"Business Studies (International Hotel Management, interview)",GY261,497,,8,"National University of Ireland, Galway"
681,"Commerce (International Hotel Management, interview)",GY262,681,,8,"National University of Ireland, Galway"
682,Science,GY301,433,432,8,"National University of Ireland, Galway"
683,Biomedical Science,GY303,556,,8,"National University of Ireland, Galway"
684,Biotechnology,GY304,465,,8,"National University of Ireland, Galway"
685,Environmental Science,GY308,408,,8,"National University of Ireland, Galway"
686,Financial Mathematics and Economics,GY309,487,,8,"National University of Ireland, Galway"
687,Marine Science,GY310,419,,8,"National University of Ireland, Galway"
688,Environmental Health and Safety,GY313,412,,8,"National University of Ireland, Galway"
689,Earth and Ocean Sciences,GY314,403,,8,"National University of Ireland, Galway"
690,Biopharmaceutical Chemistry,GY318,509,,8,"National University of Ireland, Galway"
691,Mathematical Science,GY319,476,,8,"National University of Ireland, Galway"
692,"Physics (Degree options: Applied,Astrophysics,Biomedical,Theoretical)",GY320,402,,8,"National University of Ireland, Galway"
693,Genetics and Genomics,GY321,508,,8,"National University of Ireland, Galway"
694,Computer Science and Information Technology,GY350,403,,8,"National University of Ireland, Galway"
695,Engineering (Undenominated),GY401,465,,8,"National University of Ireland, Galway"
696,Civil Engineering,GY402,455,,8,"National University of Ireland, Galway"
697,Mechanical Engineering,GY405,454,,8,"National University of Ireland, Galway"
698,Electronic and Computer Engineering,GY406,510,,8,"National University of Ireland, Galway"
699,Biomedical Engineering,GY408,509,,8,"National University of Ireland, Galway"
700,Project and Construction Management,GY410,403,,8,"National University of Ireland, Galway"
701,Energy Systems Engineering,GY413,502,,8,"National University of Ireland, Galway"
702,Electrical and Electronic Engineering,GY414,405,,8,"National University of Ireland, Galway"
703,"Medicine (five year/six year course, HPAT required)",GY501,728,,8,"National University of Ireland, Galway"
704,Occupational Therapy,GY502,555,,8,"National University of Ireland, Galway"
705,Speech and Language Therapy,GY503,543,,8,"National University of Ireland, Galway"
706,Podiatric Medicine,GY504,443,,8,"National University of Ireland, Galway"
707,General Nursing (Galway and Portiuncula),GY515,476,473,8,"National University of Ireland, Galway"
708,Mental Health Nursing,GY516,440,,8,"National University of Ireland, Galway"
709,Midwifery,GY517,495,,8,"National University of Ireland, Galway"
710,Accounting and Finance,ID001,203,,8,ICD Business School
711,Business Studies,ID002,294,,8,ICD Business School
712,"Art and Design (Common Entry, portfolio)",LC110,740,,8,Limerick Institute of Technology
713,Fashion and Textiles for Product and Costume (portfolio),LC114,880,,8,Limerick Institute of Technology
714,Art and Design Teacher Education (portfolio),LC115,942,,8,Limerick Institute of Technology
715,Digital Marketing,LC220,262,,8,Limerick Institute of Technology
718,Law and Taxation,LC223,307,,8,Limerick Institute of Technology
719,Accounting and Finance,LC224,300,,8,Limerick Institute of Technology
720,Marketing and Management,LC225,298,,8,Limerick Institute of Technology
721,Enterprise and Innovation,LC226,234,234,8,Limerick Institute of Technology
724,Software Development,LC233,272,,8,Limerick Institute of Technology
725,Interactive Digital Media,LC234,225,,8,Limerick Institute of Technology
727,Internet Systems Development,LC236,262,260,8,Limerick Institute of Technology
728,Computer Networks and Systems Management,LC239,307,,8,Limerick Institute of Technology
729,Construction Management,LC241,255,,8,Limerick Institute of Technology
730,Property Valuation and Management,LC242,282,,8,Limerick Institute of Technology
731,Quantity Surveying,LC243,294,,8,Limerick Institute of Technology
732,Built Environment (Common Entry),LC248,288,,8,Limerick Institute of Technology
734,Civil Engineering Management,LC252,270,,8,Limerick Institute of Technology
737,Clinical Technology,LC263,294,,8,Limerick Institute of Technology
738,Forensic and Pharmaceutical Sciences,LC265,413,,8,Limerick Institute of Technology
739,Drug and Medicinal Product Analysis,LC266,262,,8,Limerick Institute of Technology
744,Electrical Engineering,LC275,298,,8,Limerick Institute of Technology
754,Mechanical Engineering,LC288,347,346,8,Limerick Institute of Technology
755,Precision Engineering,LC289,291,,8,Limerick Institute of Technology
757,Social Care Work,LC292,367,,8,Limerick Institute of Technology
758,Business Studies with Travel and Tourism Management,LC293,307,,8,Limerick Institute of Technology
759,Business Studies with Event Management,LC294,279,,8,Limerick Institute of Technology
760,Business Studies with Sports Management,LC295,252,,8,Limerick Institute of Technology
761,Community Development,LC297,235,,8,Limerick Institute of Technology
762,Business,LC320,346,,8,Limerick Institute of Technology
763,Business with Computing,LC330,297,,8,Limerick Institute of Technology
765,Interior Design,LC340,350,,8,Limerick Institute of Technology
766,Biotechnology and Biopharmaceutical Sciences,LC362,413,,8,Limerick Institute of Technology
767,Creative Broadcast and Film Production,LC371,309,,8,Limerick Institute of Technology
768,Music Technology and Production,LC372,325,,8,Limerick Institute of Technology
769,Renewable and Electrical Energy Engineering,LC374,318,,8,Limerick Institute of Technology
770,Industrial Automation and Robotic Systems,LC375,317,,8,Limerick Institute of Technology
771,Electronic Engineering,LC376,318,,8,Limerick Institute of Technology
772,Automotive Engineering and Transport Management,LC380,303,298,8,Limerick Institute of Technology
773,Business Studies in Beauty and Spa Management,LC392,236,,8,Limerick Institute of Technology
774,Early Childhood Education and Care,LC393,236,,8,Limerick Institute of Technology
777,Early Childhood Education and Care,LC401,297,,8,Limerick Institute of Technology
778,Social Care Work,LC402,225,,8,Limerick Institute of Technology
779,Environmental Science and Climate,LC408,279,,8,Limerick Institute of Technology
780,Data Analytics and Cyber Security,LC414,236,,8,Limerick Institute of Technology
782,Business,LC416,274,,8,Limerick Institute of Technology
783,Computing - Games Design and Development,LC418,270,,8,Limerick Institute of Technology
784,Sports Strength and Conditioning,LC422,298,,8,Limerick Institute of Technology
789,Environmental Science and Agriculture,LC434,297,,8,Limerick Institute of Technology
790,Game Art and Design (portfolio),LC502,852,,8,Limerick Institute of Technology
792,Creative Media and Design,LC517,234,,8,Limerick Institute of Technology
793,Digital Animation Production (portfolio),LC518,808,,8,Limerick Institute of Technology
797,Social Care Work,LC612,320,,8,Limerick Institute of Technology
798,Early Childhood Education and Care,LC613,242,,8,Limerick Institute of Technology
799,Arts,LM002,348,,8,University of Limerick
800,Law and Accounting,LM020,465,,8,University of Limerick
801,Performing Arts (audition required),LM026,303,,8,University of Limerick
802,Criminal Justice,LM028,418,,8,University of Limerick
803,Law Plus,LM029,490,,8,University of Limerick
804,Psychology and Sociology,LM038,500,,8,University of Limerick
805,Journalism and Digital Communication,LM039,402,,8,University of Limerick
806,European Studies,LM040,369,,8,University of Limerick
807,Applied Languages,LM044,442,,8,University of Limerick
808,Business Studies (options),LM050,431,,8,University of Limerick
809,International Business,LM056,528,,8,University of Limerick
810,Financial Mathematics,LM058,403,,8,University of Limerick
811,Technology Management,LM063,379,,8,University of Limerick
812,Food Science and Health,LM068,421,,8,University of Limerick
813,Product Design and Technology (portfolio required),LM076,408,,8,University of Limerick
814,Aeronautical Engineering,LM077,520,,8,University of Limerick
815,Construction Management and Engineering,LM082,398,,8,University of Limerick
816,Sport and Exercise Sciences,LM089,474,,8,University of Limerick
817,Physical Education with concurrent Teacher Education,LM090,532,,8,University of Limerick
818,Languages with concurrent Teacher Education,LM091,517,,8,University of Limerick
819,Science with Teacher Ed (Biology with Physics/Chemistry/Ag Science),LM092,507,,8,University of Limerick
820,Equine Science,LM093,339,,8,University of Limerick
821,Materials and Architectural Technology with concurrent Teacher Education,LM094,440,,8,University of Limerick
822,Materials and Engineering Technology with concurrent Teacher Education,LM095,367,,8,University of Limerick
823,Science with Teacher Ed (Physical Sciences with Chemistry and Physics),LM096,405,,8,University of Limerick
824,Mathematics and Computer Science with concurrent Teacher Education,LM097,402,,8,University of Limerick
825,Architecture (portfolio requirement suspended),LM099,498,,8,University of Limerick
826,Physiotherapy,LM100,589,,8,University of Limerick
827,Medicine  - Graduate Entry (GAMSAT required),LM101,55,,8,University of Limerick
828,Psychology,LM102,509,,8,University of Limerick
829,Paramedic Studies (B/C1/C1 Provisional Drivers Licence),LM103,392,,8,University of Limerick
830,Chemical and Biochemical Engineering,LM115,454,,8,University of Limerick
831,Engineering (Biomedical/Civil/Design and Manufacture/Mechanical),LM116,476,,8,University of Limerick
832,Electronic and Computer Engineering,LM118,403,,8,University of Limerick
833,Computer Science (Computer Systems/Games Dev/Mobile Comm Security),LM121,351,,8,University of Limerick
834,Creative Media and Interaction Design (Digital Design/Music Media Tech),LM122,327,,8,University of Limerick
835,Biological & Chemical Sciences (Biosci/Envir Sci/Ind Bio/IndPharma Chem),LM123,441,,8,University of Limerick
836,Mathematics (Math Science/Maths and Physics/Economics and Maths),LM124,437,,8,University of Limerick
837,Physics (Applied Physics or Mathematics & Physics),LM125,404,,8,University of Limerick
838,General Nursing,LM150,475,,8,University of Limerick
839,Mental Health Nursing,LM152,419,,8,University of Limerick
840,Intellectual Disability Nursing,LM154,420,,8,University of Limerick
841,Midwifery,LM156,469,,8,University of Limerick
844,Business - Accounting,LY108,309,,8,Letterkenny Institute of Technology
845,Business,LY118,290,,8,Letterkenny Institute of Technology
848,Law,LY208,300,,8,Letterkenny Institute of Technology
849,Sports and Exercise - Common Entry,LY228,300,,8,Letterkenny Institute of Technology
852,Design - Common Entry,LY408,320,,8,Letterkenny Institute of Technology
858,Fire Safety Engineering,LY508,276,,8,Letterkenny Institute of Technology
859,Quantity Surveying,LY518,301,,8,Letterkenny Institute of Technology
861,Construction Management,LY528,271,,8,Letterkenny Institute of Technology
863,Mechanical Engineering,LY608,300,,8,Letterkenny Institute of Technology
865,Electronic Engineering,LY618,312,,8,Letterkenny Institute of Technology
867,Applied Computing,LY708,306,,8,Letterkenny Institute of Technology
870,Computer Science,LY748,317,317,8,Letterkenny Institute of Technology
874,Science - Common Entry,LY818,303,,8,Letterkenny Institute of Technology
876,Agriculture - Common Entry,LY828,307,,8,Letterkenny Institute of Technology
884,General Nursing,LY908,400,,8,Letterkenny Institute of Technology
886,Psychiatric Nursing,LY918,357,,8,Letterkenny Institute of Technology
887,Intellectual Disability Nursing,LY928,326,,8,Letterkenny Institute of Technology
888,"Early Childhood Care, Health and Education",LY968,303,,8,Letterkenny Institute of Technology
889,Health & Social Care - Common Entry,LY978,280,,8,Letterkenny Institute of Technology
890,Education - Primary Teaching (Froebel),MH001,507,,8,Maynooth University
891,Education - Primary Teaching - Gaeltacht Applicants (Froebel),MH002,,,8,Maynooth University
892,Arts,MH101,318,,8,Maynooth University
893,Music,MH103,#,,8,Maynooth University
894,Psychology - 3 years,MH106,521,,8,Maynooth University
895,Social Science,MH107,346,,8,Maynooth University
896,Media Studies,MH109,316,,8,Maynooth University
897,Community and Youth Work (Full-Time),MH116,#,,8,Maynooth University
898,Science,MH201,360,,8,Maynooth University
899,Biotechnology,MH202,455,,8,Maynooth University
900,Biological and Geographical Sciences,MH203,430,,8,Maynooth University
901,Physics with Astrophysics,MH204,422,,8,Maynooth University
902,Theoretical Physics and Mathematics,MH206,510,,8,Maynooth University
903,Data Science,MH207,445,,8,Maynooth University
904,Biological and Biomedical Sciences,MH208,498,,8,Maynooth University
905,Psychology (through Science) - 4 years,MH209,498,,8,Maynooth University
906,Pharmaceutical and Biomedical Chemistry,MH210,487,,8,Maynooth University
907,Science or Maths & Computer Science or Maths & Applied Maths (with Ed),MH212,422,,8,Maynooth University
908,Engineering (Computer/Electronic/Communications),MH304,333,333,8,Maynooth University
909,Product Design,MH305,357,,8,Maynooth University
910,Robotics and Intelligent Devices,MH306,361,,8,Maynooth University
911,Finance (options),MH401,357,,8,Maynooth University
912,Quantitative Finance,MH402,476,,8,Maynooth University
913,Accounting and Finance,MH403,422,,8,Maynooth University
914,Business (options),MH404,430,,8,Maynooth University
915,Equine Business,MH405,357,,8,Maynooth University
916,Business and Accounting,MH407,420,,8,Maynooth University
917,Entrepreneurship,MH411,371,,8,Maynooth University
918,LLB Law - four year Single Major Law programme,MH501,473,,8,Maynooth University
919,Law (options),MH502,451,,8,Maynooth University
920,Computer Science through Arts (options),MH601,352,,8,Maynooth University
921,Computer Science through Science (options),MH602,351,,8,Maynooth University
922,Computational Thinking,MH603,532,,8,Maynooth University
923,Early Childhood - Teaching and Learning (part-time),MH801,327,,8,Maynooth University
924,"Community and Youth Work (part-time, in service)",MH802,#,#,8,Maynooth University
925,"Local Studies/Community Studies (part-time, evening) - Mature Students",MH803,#,#,8,Maynooth University
926,Contemporary & Applied Theatre Studies,MI001,375,,8,Mary Immaculate College
927,Arts,MI002,300,281,8,Mary Immaculate College
928,Education - Primary Teaching - International,MI004,577,,8,Mary Immaculate College
929,Education - Primary Teaching,MI005,495,,8,Mary Immaculate College
930,Education - Primary Teaching - Gaeltacht Applicants,MI006,456,,8,Mary Immaculate College
931,Early Childhood Care and Education,MI007,357,,8,Mary Immaculate College
932,Education and Psychology - Primary Teaching,MI008,588,,8,Mary Immaculate College
933,"Education, Business Studies and Accounting",MI009,402,,8,Mary Immaculate College
934,"Education, Business Studies and Religious Studies",MI010,368,,8,Mary Immaculate College
935,"Education, Gaeilge and Religious Studies",MI011,409,,8,Mary Immaculate College
936,"Education, Gaeilge and Business Studies",MI012,401,,8,Mary Immaculate College
937,"Education, Mathematics and Gaeilge",MI013,444,,8,Mary Immaculate College
938,"Education, Mathematics and Business Studies",MI014,434,,8,Mary Immaculate College
939,Theology and Arts,MU001,290,290,8,"Pontifical University, St Patrick's College"
940,Theology,MU002,440,,8,"Pontifical University, St Patrick's College"
941,Computing (Degree Award options),NC003,260,,8,National College of Ireland (NCI)
942,Human Resource Management,NC005,300,,8,National College of Ireland (NCI)
943,Business,NC009,300,,8,National College of Ireland (NCI)
944,Psychology,NC010,400,,8,National College of Ireland (NCI)
945,Marketing Practice,NC020,280,,8,National College of Ireland (NCI)
946,Accounting and Finance,NC022,337,,8,National College of Ireland (NCI)
947,Technology Management (with specialisations),NC023,261,,8,National College of Ireland (NCI)
952,Montessori Education,NM801,220,,8,St Nicholas Montessori College Ireland
955,"Social, Political and Community Studies",PC405,253,216,8,"Carlow College, St. Patrick`s"
956,Arts and Humanities (fulfils Teaching Council requirements),PC410,252,209,8,"Carlow College, St. Patrick`s"
957,English and History (fulfils Teaching Council requirements),PC411,255,209,8,"Carlow College, St. Patrick`s"
958,Medicine - Undergraduate Entry (HPAT required),RC001,733,,8,RCSI University of Medicine & Health Sciences
959,Physiotherapy,RC004,566,,8,RCSI University of Medicine & Health Sciences
960,Pharmacy,RC005,579,,8,RCSI University of Medicine & Health Sciences
961,Medicine - Graduate Entry (GAMSAT required),RC101,,,8,RCSI University of Medicine & Health Sciences
970,Business,SG141,261,,8,"Institute of Technology, Sligo"
971,Business in International Marketing and Languages (French),SG142,279,,8,"Institute of Technology, Sligo"
972,Business in International Marketing and Languages (Spanish),SG144,270,,8,"Institute of Technology, Sligo"
973,Accounting,SG146,309,,8,"Institute of Technology, Sligo"
974,Sport with Business,SG147,307,,8,"Institute of Technology, Sligo"
975,Tourism with Event Management,SG148,269,,8,"Institute of Technology, Sligo"
980,Performing Arts,SG241,328,,8,"Institute of Technology, Sligo"
981,Early Childhood Care and Education,SG242,279,,8,"Institute of Technology, Sligo"
982,Social Care Practice,SG243,301,,8,"Institute of Technology, Sligo"
983,Fine Art,SG244,505,,8,"Institute of Technology, Sligo"
984,Creative Design,SG245,282,,8,"Institute of Technology, Sligo"
985,Computing,SG246,290,,8,"Institute of Technology, Sligo"
986,English and Psychology,SG247,309,,8,"Institute of Technology, Sligo"
987,Sociology and Politics,SG248,281,,8,"Institute of Technology, Sligo"
988,Writing and Literature,SG249,297,,8,"Institute of Technology, Sligo"
989,Application Design and User Experience,SG250,412,,8,"Institute of Technology, Sligo"
990,Computing (Smart Technologies),SG251,327,,8,"Institute of Technology, Sligo"
991,Software Development,SG252,307,,8,"Institute of Technology, Sligo"
992,Computer Networks and Cloud Infrastructure,SG253,324,,8,"Institute of Technology, Sligo"
993,Writing and Literature Online,SG254,225,225,8,"Institute of Technology, Sligo"
1005,Civil Engineering,SG342,415,,8,"Institute of Technology, Sligo"
1006,Quantity Surveying,SG343,311,,8,"Institute of Technology, Sligo"
1007,Construction Project Management and Applied Technology,SG346,291,,8,"Institute of Technology, Sligo"
1008,Architecture,SG347,360,,8,"Institute of Technology, Sligo"
1009,Interior Architecture and Design,SG348,316,,8,"Institute of Technology, Sligo"
1020,Occupational Safety and Health,SG442,290,,8,"Institute of Technology, Sligo"
1021,Human Nutrition,SG443,356,,8,"Institute of Technology, Sligo"
1022,Science Undenominated,SG444,338,,8,"Institute of Technology, Sligo"
1023,Pharmaceutical Science with Drug Development,SG445,311,,8,"Institute of Technology, Sligo"
1024,Health Science and Physical Activity,SG447,328,,8,"Institute of Technology, Sligo"
1025,Forensic Investigation and Analysis,SG448,306,,8,"Institute of Technology, Sligo"
1026,Medical Biotechnology,SG449,341,,8,"Institute of Technology, Sligo"
1027,Environmental Science with Ecology (Level 8),SG450,300,,8,"Institute of Technology, Sligo"
1054,"Animation, Visual Effects and Motion Design (Level 8)",TL801,281,,8,"Institute of Technology, Tralee"
1055,"TV, Radio and New Media (Level 8)",TL802,325,,8,"Institute of Technology, Tralee"
1056,Computing with Software Development,TL810,310,,8,"Institute of Technology, Tralee"
1057,Computing with Games Development,TL811,358,,8,"Institute of Technology, Tralee"
1058,Computing (Degree Award options),TL815,308,,8,"Institute of Technology, Tralee"
1059,Event Management (3 year programme),TL823,299,,8,"Institute of Technology, Tralee"
1060,Business Studies (Major Specialism in: Acctng or Mktg or Mgmnt),TL831,306,,8,"Institute of Technology, Tralee"
1061,Agricultural Engineering,TL844,300,,8,"Institute of Technology, Tralee"
1062,Civil Engineering,TL845,325,,8,"Institute of Technology, Tralee"
1063,Manufacturing Engineering,TL847,302,,8,"Institute of Technology, Tralee"
1064,Agricultural Science,TL848,308,,8,"Institute of Technology, Tralee"
1065,Wildlife Biology (Degree Award options),TL851,309,,8,"Institute of Technology, Tralee"
1066,Pharmaceutical Science (Degree Award options),TL855,317,,8,"Institute of Technology, Tralee"
1067,Veterinary Bioscience,TL858,308,,8,"Institute of Technology, Tralee"
1068,Health and Leisure (Degree Award options),TL871,300,,8,"Institute of Technology, Tralee"
1069,Health and Leisure with Massage,TL872,309,,8,"Institute of Technology, Tralee"
1070,Coaching and Sports Performance,TL873,289,,8,"Institute of Technology, Tralee"
1071,Early Childhood Care and Education,TL880,307,,8,"Institute of Technology, Tralee"
1072,Social Care,TL881,308,,8,"Institute of Technology, Tralee"
1073,Counselling with Addiction - Mature applicants only,TL889,,,8,"Institute of Technology, Tralee"
1074,General Nursing and Mature Applicants,TL890,440,414,8,"Institute of Technology, Tralee"
1075,Mental Health Nursing and Mature Applicants,TL891,389,378,8,"Institute of Technology, Tralee"
1076,Music,TR002,435,429,8,Trinity College Dublin
1077,History,TR003,497,493,8,Trinity College Dublin
1078,Law,TR004,566,565,8,Trinity College Dublin
1079,Philosophy,TR005,442,,8,Trinity College Dublin
1080,Psychology,TR006,567,555,8,Trinity College Dublin
1081,Clinical Speech and Language Studies,TR007,529,,8,Trinity College Dublin
1082,Music Education,TR009,420,,8,Trinity College Dublin
1083,History and Political Science,TR012,555,554,8,Trinity College Dublin
1084,"Philosophy, Political Science, Economics and Sociology",TR015,589,,8,Trinity College Dublin
1085,Deaf Studies,TR016,340,,8,Trinity College Dublin
1086,Law and Business,TR017,602,,8,Trinity College Dublin
1087,Law and French,TR018,565,,8,Trinity College Dublin
1088,Law and German,TR019,543,542,8,Trinity College Dublin
1089,Law and Political Science,TR020,602,,8,Trinity College Dublin
1090,"Classics, Ancient History and Archaeology",TR021,370,,8,Trinity College Dublin
1091,Early and Modern Irish,TR022,398,,8,Trinity College Dublin
1092,English Studies,TR023,487,476,8,Trinity College Dublin
1093,European Studies,TR024,544,542,8,Trinity College Dublin
1094,Drama and Theatre Studies,TR025,564,530,8,Trinity College Dublin
1095,Ancient and Medieval History and Culture,TR028,342,,8,Trinity College Dublin
1096,Political Science and Geography,TR029,526,520,8,Trinity College Dublin
1097,Mathematics,TR031,531,,8,Trinity College Dublin
1098,Engineering,TR032,510,509,8,Trinity College Dublin
1099,Computer Science,TR033,509,,8,Trinity College Dublin
1100,Management Science and Information Systems Studies,TR034,613,,8,Trinity College Dublin
1101,Theoretical Physics,TR035,543,,8,Trinity College Dublin
1102,Engineering with Management,TR038,532,,8,Trinity College Dublin
1103,Computer Science and Language,TR039,454,424,8,Trinity College Dublin
1104,Middle Eastern and European Languages and Cultures,TR040,466,,8,Trinity College Dublin
1105,Religion,TR041,368,,8,Trinity College Dublin
1106,Film,TR042,489,476,8,Trinity College Dublin
1107,History of Art and Architecture,TR043,393,354,8,Trinity College Dublin
1108,Medicine (HPAT required),TR051,735,734,8,Trinity College Dublin
1109,Dental Science,TR052,613,613,8,Trinity College Dublin
1110,Physiotherapy,TR053,566,566,8,Trinity College Dublin
1111,Occupational Therapy,TR054,533,,8,Trinity College Dublin
1112,Radiation Therapy,TR055,543,,8,Trinity College Dublin
1113,Human Health and Disease,TR056,565,,8,Trinity College Dublin
1114,Biological and Biomedical Sciences,TR060,543,543,8,Trinity College Dublin
1115,Chemical Sciences,TR061,517,510,8,Trinity College Dublin
1116,Geography and Geoscience,TR062,473,,8,Trinity College Dublin
1117,Physical Sciences,TR063,498,498,8,Trinity College Dublin
1118,Pharmacy,TR072,590,,8,Trinity College Dublin
1119,Global Business,TR080,589,,8,Trinity College Dublin
1120,"Business, Economic and Social Studies (BESS)",TR081,543,543,8,Trinity College Dublin
1121,Computer Science and Business,TR082,555,,8,Trinity College Dublin
1122,Sociology and Social Policy,TR083,498,487,8,Trinity College Dublin
1123,Social Studies (Social Work),TR084,462,,8,Trinity College Dublin
1124,Business Studies and French,TR085,540,531,8,Trinity College Dublin
1125,Business Studies and German,TR086,509,499,8,Trinity College Dublin
1126,Business Studies and Russian,TR087,474,465,8,Trinity College Dublin
1127,Business Studies and Polish,TR089,444,424,8,Trinity College Dublin
1128,Business Studies and Spanish,TR090,531,,8,Trinity College Dublin
1129,General Nursing (Meath and St James`s),TR091,429,,8,Trinity College Dublin
1130,General Nursing (Adelaide School of Nursing),TR093,430,429,8,Trinity College Dublin
1131,Mental Health Nursing,TR095,408,,8,Trinity College Dublin
1132,Intellectual Disability Nursing,TR097,396,,8,Trinity College Dublin
1133,Ancient History and Archaeology/Geography,TR111,352,,8,Trinity College Dublin
1134,Ancient History and Archaeology/History,TR112,529,,8,Trinity College Dublin
1135,Ancient History and Archaeology/History of Art and Architecture,TR113,337,,8,Trinity College Dublin
1136,Ancient History and Archaeology/Modern Language,TR114,337,,8,Trinity College Dublin
1137,Ancient History and Archaeology/Religion,TR117,342,,8,Trinity College Dublin
1138,Classical Civilisation/English Literature,TR166,498,496,8,Trinity College Dublin
1139,Classical Civilisation/History of Art and Architecture,TR173,335,,8,Trinity College Dublin
1140,Classical Civilisation/Modern Language,TR177,335,,8,Trinity College Dublin
1141,Classical Civilisation/Philosophy,TR179,499,,8,Trinity College Dublin
1142,Economics/Geography,TR198,534,,8,Trinity College Dublin
1143,Economics/History,TR202,534,,8,Trinity College Dublin
1144,Economics/Mathematics,TR207,566,,8,Trinity College Dublin
1145,Economics/Modern Language,TR208,534,,8,Trinity College Dublin
1146,Economics/Philosophy,TR209,534,,8,Trinity College Dublin
1147,Economics/Sociology,TR212,534,,8,Trinity College Dublin
1148,Classical Languages/English Literature,TR228,498,,8,Trinity College Dublin
1149,Classical Languages/History of Art and Architecture,TR231,349,,8,Trinity College Dublin
1150,"Classical Languages/Middle Eastern,Jewish and Islamic Civilisations",TR233,349,,8,Trinity College Dublin
1151,Classical Languages/Modern Language,TR239,349,,8,Trinity College Dublin
1152,English Literature/History,TR262,529,,8,Trinity College Dublin
1153,English Literature/History of Art and Architecture,TR263,498,497,8,Trinity College Dublin
1154,English Literature/Philosophy,TR269,499,,8,Trinity College Dublin
1155,English Literature/Sociology,TR272,498,,8,Trinity College Dublin
1156,English Literature/Drama Studies,TR276,#498,,8,Trinity College Dublin
1157,English Literature/Modern Language,TR277,498,495,8,Trinity College Dublin
1158,Film/Drama Studies,TR311,#521,,8,Trinity College Dublin
1159,Film/English Literature,TR312,521,,8,Trinity College Dublin
1160,Film/Music,TR320,521,,8,Trinity College Dublin
1161,Geography/History,TR322,529,,8,Trinity College Dublin
1162,Drama Studies/Modern Language,TR323,#473,,8,Trinity College Dublin
1163,Film/Modern Language,TR324,521,,8,Trinity College Dublin
1164,Film/History,TR325,529,,8,Trinity College Dublin
1165,Geography/Modern Language,TR326,352,,8,Trinity College Dublin
1166,Geography/Sociology,TR332,498,496,8,Trinity College Dublin
1167,History/History of Art and Architecture,TR443,529,,8,Trinity College Dublin
1168,History/Modern Language,TR447,529,,8,Trinity College Dublin
1169,History/Philosophy,TR449,529,,8,Trinity College Dublin
1170,History/Sociology,TR452,529,,8,Trinity College Dublin
1171,History/Religion,TR454,529,,8,Trinity College Dublin
1172,History of Art and Architecture/Modern Language,TR455,334,,8,Trinity College Dublin
1173,History of Art and Architecture/Philosophy,TR479,499,,8,Trinity College Dublin
1174,"Middle Eastern,Jewish and Islamic Civ./Ancient History and Archaeology",TR547,337,,8,Trinity College Dublin
1175,"Middle Eastern,Jewish and Islamic Civilisations/Classical Civilisation",TR548,335,,8,Trinity College Dublin
1176,"Middle Eastern,Jewish and Islamic Civilisations/History",TR554,529,,8,Trinity College Dublin
1177,"Middle Eastern,Jewish and Islamic Civilisations/Modern Language",TR563,335,,8,Trinity College Dublin
1178,"Middle Eastern,Jewish and Islamic Civilisations/Music",TR564,,,8,Trinity College Dublin
1179,"Middle Eastern,Jewish and Islamic Civilisations/Religion",TR565,342,,8,Trinity College Dublin
1180,Mathematics/Modern Language,TR597,566,,8,Trinity College Dublin
1181,Mathematics/Music,TR598,566,,8,Trinity College Dublin
1182,Mathematics/Philosophy,TR599,566,,8,Trinity College Dublin
1183,Music/Philosophy,TR629,499,,8,Trinity College Dublin
1184,Music/Drama Studies,TR635,#473,,8,Trinity College Dublin
1185,Music/Modern Language,TR636,388,,8,Trinity College Dublin
1186,Music/Religion,TR638,388,,8,Trinity College Dublin
1187,Philosophy/Modern Language,TR639,499,,8,Trinity College Dublin
1188,Philosophy/Sociology,TR662,499,,8,Trinity College Dublin
1189,Religion/Classical Civilisation,TR663,342,,8,Trinity College Dublin
1190,Religion/English Literature,TR664,498,,8,Trinity College Dublin
1191,Religion/History of Art and Architecture,TR665,342,,8,Trinity College Dublin
1192,Religion/Modern Language,TR666,,,8,Trinity College Dublin
1193,French/Modern Language,TR667,403,,8,Trinity College Dublin
1194,German/Modern Language,TR668,389,,8,Trinity College Dublin
1195,Irish/Modern Language,TR669,368,,8,Trinity College Dublin
1196,Italian/Modern Language,TR670,381,,8,Trinity College Dublin
1197,Russian/Modern Language,TR671,332,,8,Trinity College Dublin
1198,Spanish/Modern Language,TR672,336,,8,Trinity College Dublin
1199,Sociology/Drama Studies,TR755,#498,,8,Trinity College Dublin
1200,Sociology/Modern Language,TR756,498,495,8,Trinity College Dublin
1204,Children`s and General Nursing (Integrated),TR911,511,510,8,Trinity College Dublin
1205,Midwifery,TR913,478,477,8,Trinity College Dublin
1286,Biomedical Design,TU801,235,,8,Technological University Dublin
1287,Electrical Services and Energy Management,TU802,317,300,8,Technological University Dublin
1288,Electronic Engineering,TU803,243,243,8,Technological University Dublin
1289,Engineering (Common Entry with Award options),TU804,271,,8,Technological University Dublin
1290,Engineering (General Entry),TU805,402,,8,Technological University Dublin
1291,Sustainable Energy Engineering,TU806,262,,8,Technological University Dublin
1292,Computer Engineering in Mobile Systems,TU807,276,,8,Technological University Dublin
1293,Engineering Software,TU808,260,260,8,Technological University Dublin
1294,Mechanical Engineering,TU809,235,,8,Technological University Dublin
1295,Mechatronic Engineering,TU810,270,,8,Technological University Dublin
1296,Product Design,TU811,411,,8,Technological University Dublin
1297,"Design,Technology and Innovation",TU812,270,,8,Technological University Dublin
1298,Automation Engineering,TU813,218,218,8,Technological University Dublin
1299,Transport Operations and Technology,TU814,285,251,8,Technological University Dublin
1300,Architectural Technology,TU831,410,,8,Technological University Dublin
1301,Architecture (Suitability Test and Interview),TU832,622,,8,Technological University Dublin
1302,Construction Management,TU833,367,,8,Technological University Dublin
1303,Geographic Science,TU834,288,,8,Technological University Dublin
1304,Planning and Environmental Management,TU835,313,,8,Technological University Dublin
1305,Property Economics (Valuation Surveying),TU836,401,,8,Technological University Dublin
1306,Quantity Surveying and Construction Economics,TU837,385,,8,Technological University Dublin
1307,Analytical Chemistry (Environmental Forensic and Pharmaceutical),TU851,349,,8,Technological University Dublin
1308,Chemical Sciences with Medicinal Chemistry,TU852,476,,8,Technological University Dublin
1309,Science (General Entry),TU854,476,,8,Technological University Dublin
1310,Science with Nanotechnology,TU855,331,319,8,Technological University Dublin
1311,Computer Science,TU856,476,,8,Technological University Dublin
1312,Computer Science (Infrastructure),TU857,391,,8,Technological University Dublin
1313,Computer Science (International),TU858,377,,8,Technological University Dublin
1314,Computing,TU859,217,234,8,Technological University Dublin
1315,Computing (Information Technology),TU860,260,,8,Technological University Dublin
1316,Computing with Language (French/German/Spanish),TU861,308,308,8,Technological University Dublin
1317,Computing with Data Analytics,TU862,226,226,8,Technological University Dublin
1318,Digital Forensics and Cyber Security,TU863,280,,8,Technological University Dublin
1319,DNA and Forensic Analysis,TU864,400,390,8,Technological University Dublin
1320,Computing with IT Management,TU865,226,,8,Technological University Dublin
1321,Biomedical and Molecular Diagnostics,TU866,487,,8,Technological University Dublin
1322,Biomedical Science,TU867,524,,8,Technological University Dublin
1323,Clinical Measurement Science,TU868,510,,8,Technological University Dublin
1324,Environmental Health,TU869,336,,8,Technological University Dublin
1325,Human Nutrition and Dietetics,TU870,578,,8,Technological University Dublin
1326,Optometry,TU871,509,,8,Technological University Dublin
1327,Public Health Nutrition,TU872,491,,8,Technological University Dublin
1328,Industrial Mathematics,TU873,250,250,8,Technological University Dublin
1329,Mathematical Sciences,TU874,341,,8,Technological University Dublin
1330,Pharmaceutical Healthcare,TU875,400,,8,Technological University Dublin
1331,Pharmaceutical Science,TU876,377,349,8,Technological University Dublin
1332,Physics Technology,TU877,308,,8,Technological University Dublin
1333,Physics with Energy and Environment,TU878,337,337,8,Technological University Dublin
1334,Physics with Medical Physics and Bioengineering,TU879,351,,8,Technological University Dublin
1335,Physics with Data Science,TU880,578,,8,Technological University Dublin
1336,Food Innovation,TU881,318,,8,Technological University Dublin
1337,Nutraceuticals in Health and Nutrition,TU882,397,,8,Technological University Dublin
1338,Business,TU901,270,,8,Technological University Dublin
1339,Business (Common Entry with Award options),TU902,271,,8,Technological University Dublin
1340,Business and Management,TU903,463,,8,Technological University Dublin
1341,Business and Law,TU904,462,,8,Technological University Dublin
1342,Economics and Finance,TU905,465,,8,Technological University Dublin
1343,Human Resource Management,TU906,395,,8,Technological University Dublin
1344,Logistics and Supply Chain Management,TU907,300,,8,Technological University Dublin
1345,Management,TU908,262,253,8,Technological University Dublin
1346,Accounting and Finance,TU909,285,,8,Technological University Dublin
1347,Accounting and Finance,TU910,444,,8,Technological University Dublin
1348,Accounting and Finance,TU911,209,192,8,Technological University Dublin
1349,Business Analytics,TU912,330,,8,Technological University Dublin
1350,Business and Information Technology,TU913,252,,8,Technological University Dublin
1351,Business Computing,TU914,324,,8,Technological University Dublin
1352,International Business,TU915,252,,8,Technological University Dublin
1353,International Business,TU916,235,235,8,Technological University Dublin
1354,Law (LLB ) with a Language,TU917,342,,8,Technological University Dublin
1355,Law (LLB),TU918,451,,8,Technological University Dublin
1356,Advertising and Marketing Communications,TU919,228,226,8,Technological University Dublin
1357,Digital Marketing,TU920,270,,8,Technological University Dublin
1358,Digital Marketing Technologies,TU921,212,212,8,Technological University Dublin
1359,Marketing,TU922,418,,8,Technological University Dublin
1360,Marketing Management,TU923,228,276,8,Technological University Dublin
1361,E-Commerce in Retailing,TU924,307,,8,Technological University Dublin
1362,Retail and Services Management,TU925,301,,8,Technological University Dublin
1363,Sports Management and Coaching,TU935,300,,8,Technological University Dublin
1364,Sports Science and Health,TU936,410,391,8,Technological University Dublin
1365,Botanical Cuisine,TU941,249,,8,Technological University Dublin
1366,Culinary Arts,TU942,212,212,8,Technological University Dublin
1367,Culinary Entrepreneurship,TU943,278,,8,Technological University Dublin
1368,Culinary Science,TU944,316,,8,Technological University Dublin
1369,International Hospitality and Tourism Management,TU951,184,184,8,Technological University Dublin
1370,International Hospitality Management,TU952,300,,8,Technological University Dublin
1371,Tourism and Digital Marketing,TU953,290,,8,Technological University Dublin
1372,Event Management,TU954,356,,8,Technological University Dublin
1373,Sports & Leisure Management,TU955,217,317,8,Technological University Dublin
1374,Commercial Modern Music,TU961,608,608,8,Technological University Dublin
1375,Drama (Performance),TU962,379,,8,Technological University Dublin
1376,Music,TU963,416,,8,Technological University Dublin
1377,International Business and Languages,TU965,356,346,8,Technological University Dublin
1378,Languages and English Studies,TU966,366,,8,Technological University Dublin
1379,Languages and International Tourism,TU967,308,,8,Technological University Dublin
1380,Contemporary Visual Culture,TU971,290,,8,Technological University Dublin
1381,Creative and Cultural Industries,TU972,281,,8,Technological University Dublin
1382,Design - Visual Communication,TU973,717,,8,Technological University Dublin
1383,Fine Art,TU974,709,563,8,Technological University Dublin
1384,Interior Design,TU975,632,,8,Technological University Dublin
1385,Photography,TU976,695,,8,Technological University Dublin
1386,Creative Digital Media,TU981,280,,8,Technological University Dublin
1387,Creative Digital Media,TU982,320,311,8,Technological University Dublin
1388,Film and Broadcasting,TU983,456,451,8,Technological University Dublin
1389,Game Design,TU984,381,,8,Technological University Dublin
1390,Journalism,TU985,322,,8,Technological University Dublin
1391,Print Media Technology and Management,TU986,289,,8,Technological University Dublin
1392,Applied Social Studies in Social Care,TU991,325,,8,Technological University Dublin
1393,Community and Youth Development,TU992,251,,8,Technological University Dublin
1394,Early Childhood Care and Education,TU993,270,,8,Technological University Dublin
1395,Early Childhood Care and Education,TU994,321,251,8,Technological University Dublin
1396,Early Childhood Education,TU995,367,,8,Technological University Dublin
1397,Social Care,TU996,400,,8,Technological University Dublin
1398,Applied Social Care,TU997,310,283,8,Technological University Dublin
1399,Applied Computing (options),WD001,260,260,8,Waterford Institute of Technology
1400,Science (options),WD002,308,,8,Waterford Institute of Technology
1402,Health Sciences (options),WD005,280,,8,Waterford Institute of Technology
1403,Exercise Sciences (options),WD006,280,,8,Waterford Institute of Technology
1404,Engineering (options),WD007,288,288,8,Waterford Institute of Technology
1410,Construction Management and Engineering,WD025,269,,8,Waterford Institute of Technology
1411,Music,WD027,262,,8,Waterford Institute of Technology
1412,Business (options),WD048,271,,8,Waterford Institute of Technology
1414,Accounting,WD084,308,,8,Waterford Institute of Technology
1415,Hospitality Management,WD091,228,,8,Waterford Institute of Technology
1419,General Nursing,WD116,422,,8,Waterford Institute of Technology
1420,Psychiatric Nursing,WD117,366,,8,Waterford Institute of Technology
1421,Intellectual Disability Nursing,WD120,377,,8,Waterford Institute of Technology
1423,International Business,WD134,290,,8,Waterford Institute of Technology
1424,Design (Visual Communications),WD137,271,,8,Waterford Institute of Technology
1426,Laws,WD140,280,,8,Waterford Institute of Technology
1427,Architecture,WD144,284,,8,Waterford Institute of Technology
1428,Pharmaceutical Science,WD147,293,,8,Waterford Institute of Technology
1429,Early Childhood Studies,WD149,271,,8,Waterford Institute of Technology
1430,Criminal Justice Studies,WD150,270,,8,Waterford Institute of Technology
1432,Visual Art,WD152,AQA,,8,Waterford Institute of Technology
1436,Computer Forensics and Security,WD161,255,,8,Waterford Institute of Technology
1437,Quantity Surveying,WD162,216,,8,Waterford Institute of Technology
1438,Psychology,WD163,434,,8,Waterford Institute of Technology
1447,Sports Coaching and Performance,WD186,270,,8,Waterford Institute of Technology
1448,Social Science,WD187,272,,8,Waterford Institute of Technology
1450,Agricultural Science,WD191,377,,8,Waterford Institute of Technology
1451,Social Care Practice,WD192,270,,8,Waterford Institute of Technology
1452,Marketing and Digital Media,WD193,271,,8,Waterford Institute of Technology
1453,Culinary Arts,WD194,217,,8,Waterford Institute of Technology
1454,Architectural and Building Information Modelling Technology,WD195,279,,8,Waterford Institute of Technology
1455,Arts (options),WD200,AQA,AQA,8,Waterford Institute of Technology
1460,Software Systems Development,WD210,279,,8,Waterford Institute of Technology
1461,Creative Computing,WD211,271,,8,Waterford Institute of Technology
1462,Recreation and Sport Management,WD212,270,,8,Waterford Institute of Technology
1463,Mechanical and Manufacturing Engineering,WD230,253,,8,Waterford Institute of Technology
